name,price,supplier_url
"ALIBARBAR PANDORA 7000 PUFF – CHUPA CHUPS STRAWBERRY",42.95,https://aussievapemart.com.au/product/alibarbar-pandora-7000-puff-chupa-chups-strawberry-3/
"ALIBARBAR PANDORA 7000 PUFF – BLUEBERRY BREEZE",42.95,https://aussievapemart.com.au/product/alibarbar-pandora-7000-puff-blueberry-breeze-3/
"ALIBARBAR INGOT 9000 PUFF – BLACKBERRY ICE",44.95,https://aussievapemart.com.au/product/alibarbar-ingot-9000-puff-blackberry-ice-3/
"ALIBARBAR INGOT 9000 PUFF – BLUEBERRY BLAST",44.95,https://aussievapemart.com.au/product/alibarbar-ingot-9000-puff-blueberry-blast-3/
"ALIBARBAR INGOT 9000 PUFF – COOL MINT",44.95,https://aussievapemart.com.au/product/alibarbar-ingot-9000-puff-cool-mint-2/
"ALIBARBAR INGOT 9000 PUFF – WATERMELON ICE",44.95,https://aussievapemart.com.au/product/alibarbar-ingot-9000-puff-watermelon-ice-2/
"ALIBARBAR INGOT 9000 PUFF – BANANA BUZZ",44.95,https://aussievapemart.com.au/product/alibarbar-ingot-9000-puff-banana-buzz-2/
"ALIBARBAR INGOT 9000 PUFF – PASSIONFRUIT MANGO LIME",44.95,https://aussievapemart.com.au/product/alibarbar-ingot-9000-puff-passionfruit-mango-lime-2/
"ALIBARBAR PANDORA 7000 PUFF – BLACKBERRY ICE",42.95,https://aussievapemart.com.au/product/alibarbar-pandora-7000-puff-blackberry-ice-2/
"ALIBARBAR PANDORA 7000 PUFF – BANANA BUZZ",42.95,https://aussievapemart.com.au/product/alibarbar-pandora-7000-puff-banana-buzz-2/
"ALIBARBAR PANDORA 7000 PUFF – RIBENA",42.95,https://aussievapemart.com.au/product/alibarbar-pandora-7000-puff-ribena-2/
"ALIBARBAR PANDORA 7000 PUFF – STRAWBERRY COCONUT WATERMELON",42.95,https://aussievapemart.com.au/product/alibarbar-pandora-7000-puff-strawberry-coconut-watermelon-2/
"ALIBARBAR INGOT 9000 PUFF – KIWI PINEAPPLE",44.95,https://aussievapemart.com.au/product/alibarbar-ingot-9000-puff-kiwi-pineapple-2/
"Glass Stem 14 mm M to 14 mm F &#8211; 3&#8243;",3.99,https://aussievapemart.com.au/product/glass-stem-14-mm-m-to-14-mm-f-3/
"9&#8243; Dopezilla Lycan Dab Rig &#8211; Pale Blue",67.99,https://aussievapemart.com.au/product/9-dopezilla-lycan-dab-rig-pale-blue/
"8&#8243; Dopezilla Kraken Dab Rig &#8211; Teal",70.99,https://aussievapemart.com.au/product/8-dopezilla-kraken-dab-rig-teal/
"8&#8243; Dopezilla Kraken Dab Rig &#8211; Black",70.99,https://aussievapemart.com.au/product/8-dopezilla-kraken-dab-rig-black/
"10&#8243; Dopezilla Ogre Dab Rig &#8211; Milky Jade",60.99,https://aussievapemart.com.au/product/10-dopezilla-ogre-dab-rig-milky-jade/
"10&#8243; Dopezilla Ogre Dab Rig &#8211; Black",60.99,https://aussievapemart.com.au/product/10-dopezilla-ogre-dab-rig-black/
"10&#8243; Dopezilla Basilisk Dab Rig &#8211; Black",79.99,https://aussievapemart.com.au/product/10-dopezilla-basilisk-dab-rig-black/
"10&#8243; Dopezilla Banshee Dab Rig &#8211; Dark Blue",69.99,https://aussievapemart.com.au/product/10-dopezilla-banshee-dab-rig-dark-blue/
"10&#8243; Dopezilla Banshee Dab Rig &#8211; Black",69.99,https://aussievapemart.com.au/product/10-dopezilla-banshee-dab-rig-black/
"14mm 90 Degree Female Quartz Banger",9.99,https://aussievapemart.com.au/product/14mm-90-degree-female-quartz-banger-2/
"12&#8243; Dopezilla Cyclops Water Pipe &#8211; Black",52.99,https://aussievapemart.com.au/product/12-dopezilla-cyclops-water-pipe-black/
"16&#8243; Dopezilla Hydra Water Pipe &#8211; Black",70.99,https://aussievapemart.com.au/product/16-dopezilla-hydra-water-pipe-black/
"13&#8243; Dopezilla Hydra Water Pipe &#8211; Milky Teal",58.99,https://aussievapemart.com.au/product/13-dopezilla-hydra-water-pipe-milky-teal/
"9.5&#8243; Irie Bell Base w/ Bell Perc Bong &#8211; Green",82.59,https://aussievapemart.com.au/product/9-5-irie-bell-base-w-bell-perc-bong-green/
"14mm 45 Degree Female Quartz Banger",9.99,https://aussievapemart.com.au/product/14mm-45-degree-female-quartz-banger-2/
"8&#8243; Dopezilla Cyclops Water Pipe &#8211; Milky Yellow",35.99,https://aussievapemart.com.au/product/8-dopezilla-cyclops-water-pipe-milky-yellow/
"8&#8243; Dopezilla Cyclops Water Pipe &#8211; Black",35.99,https://aussievapemart.com.au/product/8-dopezilla-cyclops-water-pipe-black/
"11.5&#8243; Dopezilla Mutos Water Pipe &#8211; Milky Jade",46.99,https://aussievapemart.com.au/product/11-5-dopezilla-mutos-water-pipe-milky-jade/
"16&#8243; Dopezilla Cerberus Water Pipe &#8211; Black",60.99,https://aussievapemart.com.au/product/16-dopezilla-cerberus-water-pipe-black/
"16&#8243; Dopezilla Cerberus Water Pipe &#8211; Milky Teal",60.99,https://aussievapemart.com.au/product/16-dopezilla-cerberus-water-pipe-milky-teal/
"4&#8243; Inline Heavy Hand Pipe &#8211; Blue",8.49,https://aussievapemart.com.au/product/4-inline-heavy-hand-pipe-blue/
"14mm 90 Degree Female Quartz Banger",9.99,https://aussievapemart.com.au/product/14mm-90-degree-female-quartz-banger/
"14&#8221; 7mm Deep Engraved Forst Skull Beaker &#8211; Yellow",89.99,https://aussievapemart.com.au/product/14-7mm-deep-engraved-forst-skull-beaker-yellow/
"12&#8243; Dopezilla Cerberus Water Pipe &#8211; Milky Purple",58.99,https://aussievapemart.com.au/product/12-dopezilla-cerberus-water-pipe-milky-purple/
"13&#8243; Nice Glass Stonework Green Ceramic Beaker Bong",98.99,https://aussievapemart.com.au/product/13-nice-glass-stonework-green-ceramic-beaker-bong/
"8&#8243; Silicone Beaker w/ Glass Bowl",25.99,https://aussievapemart.com.au/product/8-silicone-beaker-w-glass-bowl/
"14mm 90 Degree Male Quartz Banger",9.99,https://aussievapemart.com.au/product/14mm-90-degree-male-quartz-banger-2/
"11&#8243; Honeycomb Silicone Bong with Shower Percolator",47.32,https://aussievapemart.com.au/product/11-honeycomb-silicone-bong-with-shower-percolator/
"4.5&#8243; Two Tone Hand Pipe &#8211; Assorted Design",10.62,https://aussievapemart.com.au/product/4-5-two-tone-hand-pipe-assorted-design/
"8&#8243; Glass Bong with Leaf",34.89,https://aussievapemart.com.au/product/8-glass-bong-with-leaf/
"3.5&#8243; Full Color Metal Pipe with Cover &#8211; Assorted Colors",3.99,https://aussievapemart.com.au/product/3-5-full-color-metal-pipe-with-cover-assorted-colors/
"6.5&#8243;Silicone Bong w/ Glass Bowl",19.99,https://aussievapemart.com.au/product/6-5silicone-bong-w-glass-bowl/
"3&#8243; Metal pipe with Diamond Cuts &#8211; Assorted Colour",3.99,https://aussievapemart.com.au/product/3-metal-pipe-with-diamond-cuts-assorted-colour/
"3.5&#8243; Silicone Pipe w/ Glass Bowl Rainbow",6.99,https://aussievapemart.com.au/product/3-5-silicone-pipe-w-glass-bowl-rainbow/
"14mm 45 Degree Male Quartz Banger",9.98,https://aussievapemart.com.au/product/14mm-45-degree-male-quartz-banger/
"14mm 90 Degree Male Quartz Banger",9.98,https://aussievapemart.com.au/product/14mm-90-degree-male-quartz-banger/
"14mm Male Glass Bowl w/ Handle",7.99,https://aussievapemart.com.au/product/14mm-male-glass-bowl-w-handle/
"2.5&#8243; Fritz Glass Spoon Pipe &#8211; Assorted Design",5.99,https://aussievapemart.com.au/product/2-5-fritz-glass-spoon-pipe-assorted-design/
"Zeus Purify Cleaning Kit",28.99,https://aussievapemart.com.au/product/zeus-purify-cleaning-kit/
"ALIBARBAR INGOT 9000 PUFF – FANTA",44.95,https://aussievapemart.com.au/product/alibarbar-ingot-9000-puff-fanta/
"ALIBARBAR INGOT 9000 PUFF – DOUBLE APPLE",44.95,https://aussievapemart.com.au/product/alibarbar-ingot-9000-puff-double-apple/
"ALIBARBAR INGOT 9000 PUFF – GRAPE ICE",44.95,https://aussievapemart.com.au/product/alibarbar-ingot-9000-puff-grape-ice/
"ALIBARBAR INGOT 9000 PUFF – PINK LEMON",44.95,https://aussievapemart.com.au/product/alibarbar-ingot-9000-puff-pink-lemon/
"ALIBARBAR INGOT 9000 PUFF – MYSTERY BOX",44.95,https://aussievapemart.com.au/product/alibarbar-ingot-9000-puff-mystery-box/
"ALIBARBAR PANDORA 7000 PUFF – GRAPE ICE",42.95,https://aussievapemart.com.au/product/alibarbar-pandora-7000-puff-grape-ice/
"ALIBARBAR PANDORA 7000 PUFF – PINK LEMON",42.95,https://aussievapemart.com.au/product/alibarbar-pandora-7000-puff-pink-lemon/
"ALIBARBAR PANDORA 7000 PUFF – MANGO MAGIC",42.95,https://aussievapemart.com.au/product/alibarbar-pandora-7000-puff-mango-magic/
"ALIBARBAR PANDORA 7000 PUFF – KIWI PINEAPPLE",42.95,https://aussievapemart.com.au/product/alibarbar-pandora-7000-puff-kiwi-pineapple/
"ALIBARBAR PANDORA 7000 PUFF – PASSIONFRUIT MANGO LIME",42.95,https://aussievapemart.com.au/product/alibarbar-pandora-7000-puff-passionfruit-mango-lime/
"ALIBARBAR PANDORA 7000 PUFF – BLUEBERRY BLAST",42.95,https://aussievapemart.com.au/product/alibarbar-pandora-7000-puff-blueberry-blast/
"ALIBARBAR PANDORA 7000 PUFF – DOUBLE APPLE",42.95,https://aussievapemart.com.au/product/alibarbar-pandora-7000-puff-double-apple/
"ALIBARBAR INGOT 9000 PUFF – CHUPA CHUPS STRAWBERRY",44.95,https://aussievapemart.com.au/product/alibarbar-ingot-9000-puff-chupa-chups-strawberry/
"ALIBARBAR INGOT 9000 PUFF – SKITTLES",44.95,https://aussievapemart.com.au/product/alibarbar-ingot-9000-puff-skittles/
"ALIBARBAR INGOT 9000 PUFF – STRAWBERRY COCONUT WATERMELON",44.95,https://aussievapemart.com.au/product/alibarbar-ingot-9000-puff-strawberry-coconut-watermelon/
"ALIBARBAR INGOT 9000 PUFF – RIBENA",44.95,https://aussievapemart.com.au/product/alibarbar-ingot-9000-puff-ribena/
"ALIBARBAR INGOT 9000 PUFF – STRAWBERRY LYCHEE",44.95,https://aussievapemart.com.au/product/alibarbar-ingot-9000-puff-strawberry-lychee/
"Miami Mint Geek Bar Pulse X 25000",27,https://aussievapemart.com.au/product/miami-mint-geek-bar-pulse-x-25000/
"Miami Mint (Zero Nicotine) Geek Bar Pulse X 25000",25,https://aussievapemart.com.au/product/miami-mint-zero-nicotine-geek-bar-pulse-x-25000/
"Lime Berry Orange Geek Bar Pulse X 25000",28,https://aussievapemart.com.au/product/lime-berry-orange-geek-bar-pulse-x-25000/
"Cool Mint Geek Bar Pulse X 25000",25,https://aussievapemart.com.au/product/cool-mint-geek-bar-pulse-x-25000/
"Cola Slush Geek Bar Pulse X 25000",25,https://aussievapemart.com.au/product/cola-slush-geek-bar-pulse-x-25000/
"Blueberry Jam Geek Bar Pulse X 25000",25,https://aussievapemart.com.au/product/blueberry-jam-geek-bar-pulse-x-25000/
"Blue Razz Ice Geek Bar Pulse X 25000",24,https://aussievapemart.com.au/product/blue-razz-ice-geek-bar-pulse-x-25000/
"Blue Rancher Geek Bar Pulse X 25000",23,https://aussievapemart.com.au/product/blue-rancher-geek-bar-pulse-x-25000/
"Blue Rancher (Zero Nicotine) Geek Bar Pulse X 25000",23,https://aussievapemart.com.au/product/blue-rancher-zero-nicotine-geek-bar-pulse-x-25000/
"Blackberry B-Burst(B-Pop) Geek Bar Pulse X 25000",25,https://aussievapemart.com.au/product/blackberry-b-burstb-pop-geek-bar-pulse-x-25000/
"Blackberry Blueberry Geek Bar Pulse X 25000",24,https://aussievapemart.com.au/product/blackberry-blueberry-geek-bar-pulse-x-25000/
"Banana Taffy Freeze Geek Bar Pulse X 25000",24,https://aussievapemart.com.au/product/banana-taffy-freeze-geek-bar-pulse-x-25000/
"ATL Mint Geek Bar Pulse X 25000",25,https://aussievapemart.com.au/product/atl-mint-geek-bar-pulse-x-25000/
"Blackberry B-Pop(B-Burst) Geek Bar Pulse X 25000",24,https://aussievapemart.com.au/product/blackberry-b-popb-burst-geek-bar-pulse-x-25000/
"ACE SPECIAL SUNDRENCHED MOSCATO",30,https://aussievapemart.com.au/product/ace-special-sundrenched-moscato/
"ACE PINK TWISTE TROPICS  ACE TIGER’S BLOOD",30,https://aussievapemart.com.au/product/ace-pink-twiste-tropics-ace-tigers-blood/
"ACE VANILLA DREAM",27,https://aussievapemart.com.au/product/ace-vanilla-dream/
"ACE RASPBERRY LEMONADE",35,https://aussievapemart.com.au/product/ace-raspberry-lemonade/
"ACE SPECIAL RASPBERRY CRAVE",30,https://aussievapemart.com.au/product/ace-special-raspberry-crave/
"ACE SAPPHIRE LEMON",30,https://aussievapemart.com.au/product/ace-sapphire-lemon/
"ACE SOUR FRUIT PUNCH",29.99,https://aussievapemart.com.au/product/ace-sour-fruit-punch/
"ACE PURPLE BERRY ICE",24.99,https://aussievapemart.com.au/product/ace-purple-berry-ice/
"ACE PINK TWISTE TROPICS",30,https://aussievapemart.com.au/product/ace-pink-twiste-tropics/
"ACE MOJITO",30,https://aussievapemart.com.au/product/ace-mojito/
"ACE LUNAR LYCHEE ICE",30,https://aussievapemart.com.au/product/ace-lunar-lychee-ice/
"ACE KIWI BERRY RNTZ",30,https://aussievapemart.com.au/product/ace-kiwi-berry-rntz/
"ACE HONEDEW HARMONY",35,https://aussievapemart.com.au/product/ace-honedew-harmony/
"ACE JELLY RANCHER",30,https://aussievapemart.com.au/product/ace-jelly-rancher/
"ACE CHERRY VANILLA SWIRL",30,https://aussievapemart.com.au/product/ace-cherry-vanilla-swirl/
"ACE BERRY CHILL",30,https://aussievapemart.com.au/product/ace-berry-chill/
"Ace Ultra Premium 4G Disposable",40,https://aussievapemart.com.au/product/ace-ultra-premium-4g-disposable/
"ACE ACAPULCO SUNRISE",30,https://aussievapemart.com.au/product/ace-acapulco-sunrise/
"ACE ALIEN ELECTRIC GREEN APPLE",29.99,https://aussievapemart.com.au/product/ace-alien-electric-green-apple/
"ACE COOL BREEZE",29.99,https://aussievapemart.com.au/product/ace-cool-breeze/
"MUHA MEDS STARBURST RUNTZ | INDICA",23,https://aussievapemart.com.au/product/muha-meds-starburst-runtz-indica/
"MUHA MEDS WHITE RASPBERRY 3500 MG DISPOSABLE| INDICA",34.99,https://aussievapemart.com.au/product/muha-meds-white-raspberry-3500-mg-disposable-indica/
"MUHA MEDS RAINBOW BELTS 3500 MG DISPOSABLE",34,https://aussievapemart.com.au/product/muha-meds-rainbow-belts-3500-mg-disposable/
"MUHA MEDS PURPLE CHAMPAGNE 3500 MG DISPOSABLE| SATIVA",35,https://aussievapemart.com.au/product/muha-meds-purple-champagne-3500-mg-disposable-sativa/
"MUHA MEDS VENOM OG 3500 MG DISPOSABLE| HYBRID",32,https://aussievapemart.com.au/product/muha-meds-venom-og-3500-mg-disposable-hybrid/
"MUHA MEDS TRUFFLE BUTTER 3500 MG DISPOSABLE",35,https://aussievapemart.com.au/product/muha-meds-truffle-butter-3500-mg-disposable/
"MUHA MEDS MANGO PEACH RINGS 3500 MG DISPOSABLE| HYBRID",34,https://aussievapemart.com.au/product/muha-meds-mango-peach-rings-3500-mg-disposable-hybrid/
"MUHA MEDS JEDI KUSH 3500 MG DISPOSABLE| INDICA",35,https://aussievapemart.com.au/product/muha-meds-jedi-kush-3500-mg-disposable-indica/
"MUHA MEDS LAVENDER HAZE 3500 MG DISPOSABLE| SATIVA",31,https://aussievapemart.com.au/product/muha-meds-lavender-haze-3500-mg-disposable-sativa/
"MUHA MEDS CITRUS TSUNAMI 3500 MG DISPOSABLE| SATIVA",33,https://aussievapemart.com.au/product/muha-meds-citrus-tsunami-3500-mg-disposable-sativa/
"Watermelon OG Muha Meds Disposable",23,https://aussievapemart.com.au/product/watermelon-og-muha-meds-disposable/
"Strawberry Cough Muha Meds Disposable",23,https://aussievapemart.com.au/product/strawberry-cough-muha-meds-disposable/
"TROPICANA CHERRY | SATIVA",24.99,https://aussievapemart.com.au/product/tropicana-cherry-sativa/
"Super Sour Diesel Muha Meds Disposable",25,https://aussievapemart.com.au/product/super-sour-diesel-muha-meds-disposable/
"Pineapple Express Muha Meds Disposable",24,https://aussievapemart.com.au/product/pineapple-express-muha-meds-disposable/
"SKYWALKER OG Muha Meds Disposable",23,https://aussievapemart.com.au/product/skywalker-og-muha-meds-disposable/
"PARADISE PUNCH OG | INDICA",22,https://aussievapemart.com.au/product/paradise-punch-og-indica/
"Lavender Lemon Lift Muha Meds Disposable",27,https://aussievapemart.com.au/product/lavender-lemon-lift-muha-meds-disposable/
"MANGO MADNESS | HYBRID",25,https://aussievapemart.com.au/product/mango-madness-hybrid/
"MIMOSA | SATIVA",23,https://aussievapemart.com.au/product/mimosa-sativa/
"GREEN APPLE ELIXIR Muha Meds Disposable",25,https://aussievapemart.com.au/product/green-apple-elixir-muha-meds-disposable/
"GRAND DADDY PURP Muha Meds Disposable",24,https://aussievapemart.com.au/product/grand-daddy-purp-muha-meds-disposable/
"Cereal Milk Muha Meds Melted Diamonds 3.5G",33,https://aussievapemart.com.au/product/cereal-milk-muha-meds-melted-diamonds-3-5g/
"FATSO Muha Meds Mavricks",25,https://aussievapemart.com.au/product/fatso-muha-meds-mavricks/
"DONNIE BURGER Muha Meds Mavricks",25,https://aussievapemart.com.au/product/donnie-burger-muha-meds-mavricks/
"BLUE SLUSHIE Muha Meds Disposable",24,https://aussievapemart.com.au/product/blue-slushie-muha-meds-disposable/
"Geek Bar Pulse Cool Mint 15000 Puffs",30,https://aussievapemart.com.au/product/geek-bar-pulse-cool-mint-15000-puffs/
"Tropical Rainbow Blast Geek Bar Pulse 15000 puffs",19.99,https://aussievapemart.com.au/product/tropical-rainbow-blast-geek-bar-pulse-15000-puffs/
"White Gummy Ice Geek Bar Pulse 15000 puffs",20,https://aussievapemart.com.au/product/white-gummy-ice-geek-bar-pulse-15000-puffs/
"Geek Bar Pulse Strawberry Banana 15000 puffs",20,https://aussievapemart.com.au/product/geek-bar-pulse-strawberry-banana-15000-puffs/
"Geek Bar Pulse Strawberry Mango Disposable Vape 15,000 puffs",20,https://aussievapemart.com.au/product/geek-bar-pulse-strawberry-mango-disposable-vape-15000-puffs/
"Geek Bar Pulse Pink Lemonade Vape 15000 Puffs",19,https://aussievapemart.com.au/product/geek-bar-pulse-pink-lemonade-vape-15000-puffs/
"Geek Bar Pulse Mexican Mango Vape 15000 Puffs",20,https://aussievapemart.com.au/product/geek-bar-pulse-mexican-mango-vape-15000-puffs/
"Geek Bar Pulse Miami Mint Vape 15000 Puffs",20,https://aussievapemart.com.au/product/geek-bar-pulse-miami-mint-vape-15000-puffs/
"Geek Bar Pulse Blow Pop Vape 15000 Puffs",30,https://aussievapemart.com.au/product/geek-bar-pulse-blow-pop-vape-15000-puffs/
"Geek Bar Pulse Meta Moon Vape 15000 Puffs",29,https://aussievapemart.com.au/product/geek-bar-pulse-meta-moon-vape-15000-puffs/
"Juicy Peach Ice Geek Bar Pulse",30,https://aussievapemart.com.au/product/juicy-peach-ice-geek-bar-pulse/
"Geek Bar Pulse Fcuking Fabulous 15000 Disposable Vape",30,https://aussievapemart.com.au/product/geek-bar-pulse-fcuking-fabulous-15000-disposable-vape/
"GEEK BAR PULSE TOBACCO",29,https://aussievapemart.com.au/product/geek-bar-pulse-tobacco/
"Watermelon Ice Geek Bar Pulse Disposable Vape",30,https://aussievapemart.com.au/product/watermelon-ice-geek-bar-pulse-disposable-vape/
"Geek Bar Pulse Blue Razz Ice 15000 Disposable Vape",30,https://aussievapemart.com.au/product/geek-bar-pulse-blue-razz-ice-15000-disposable-vape/
"Sour Apple Ice Geek Bar Pulse Vape",30,https://aussievapemart.com.au/product/sour-apple-ice-geek-bar-pulse-vape/
"Geek Bar Pulse California Cherry 15000 Disposable Vape",30,https://aussievapemart.com.au/product/geek-bar-pulse-california-cherry-15000-disposable-vape/